id;account_id;account_type;account_broker;account_login;account_password;account_investor_login;account_investor_password;account_real;account_info_double;account_info_integer;account_info_string;account_balance;account_credit;account_company;account_currency;account_equity;account_free_margin;account_free_margin_check;account_free_margin_mode;account_leverage;account_margin;account_name;account_number;account_profit;account_server;account_stopout_level;account_stopout_mode;in_active;in_active_date
1;Sudan;DEMO;PEPPERSTONE;hour;Squares;Pound compelling application;matrix;false;68521;43853;Forward copying mobile;76538;78359;program;Steel;41618;25736;60206;33891;8300;52703;Home Loan Account;46308;39083;Gorgeous Generic;47440;89654;false;2022-07-05T07:37:40
2;back-end productize;REAL;THINKMARKETS;Clothing compressing Croatia;User-centric Texas;Architect;Handcrafted Investor Division;true;70488;1388;Carolina Innovative;92952;15381;open bleeding-edge;Mexico Baby;3099;66837;57190;18309;3971;43725;Investment Account;17387;77402;Account digital;40613;99962;true;2022-07-05T22:18:09
3;Extensions Account Soap;DEMO;PEPPERSTONE;monitor;firewall Electronics;Representative platforms;bypass;false;4673;33709;Analyst calculate;88122;39775;circuit;Overpass Cape;28560;52999;72181;1815;30490;16318;Savings Account;17364;66645;Frozen Grocery Ball;58334;2361;true;2022-07-05T02:49:23
4;Automotive Down-sized;DEMO;ALPARI;killer Harbor;synthesize maximize;experiences;withdrawal infomediaries optical;true;8464;16382;haptic input;82940;91982;Account;Books Loan copy;64728;18936;40072;94798;66506;22309;Home Loan Account;81981;62143;Buckinghamshire Engineer;36973;15345;false;2022-07-05T02:24:36
5;Shores array California;DEMO;FXPRO;forecast generating;European Dinar Engineer;Street connect;Diverse Incredible wireless;false;71432;29943;Metal protocol;7910;77033;monitor neural;Representative;28255;71168;35060;76311;98831;18521;Checking Account;80883;77485;Cheese;41010;40259;true;2022-07-05T00:08:00
6;policy web-readiness;DEMO;PEPPERSTONE;virtual solid bluetooth;monitor Concrete Bike;indexing Identity;SDD Steel;true;77804;61564;Ports transmitter;10859;67454;Chief Wooden;driver online Money;22187;63216;40613;73413;63147;12837;Auto Loan Account;20042;27933;Industrial Chips;70623;91718;false;2022-07-05T01:23:34
7;clicks-and-mortar;DEMO;ALPARI;Steel;cross-media User-friendly Cambridgeshire;Miquelon Creative Birr;orange yellow Wisconsin;false;81115;73571;Marketing;52821;62306;primary Tools Solutions;parse;86686;75607;10520;32699;44283;54431;Auto Loan Account;87073;34893;Rupee;42138;63445;true;2022-07-05T15:59:57
8;Representative;REAL;FXPRO;Internal Indian Tasty;Arab;Music;calculating approach Specialist;true;8698;66286;bypass;12483;7971;Throughway;productize Bike Bacon;90974;69915;18767;34186;24773;20677;Investment Account;59100;20296;invoice;92384;96151;false;2022-07-05T11:55:37
9;protocol;REAL;THINKMARKETS;Tonga withdrawal;Frozen;program;Home Operations;false;34729;6075;wireless;3011;5697;Intranet Web red;Checking interface;78463;73097;21903;86283;9390;43644;Credit Card Account;28598;95926;Account world-class markets;10867;64288;false;2022-07-05T23:33:19
10;Idaho;DEMO;FXPRO;Unbranded distributed up;Mauritius Brand;Indiana;Steel CFP;true;182;4508;iterate;84374;35184;invoice Money;virtual Concrete modular;52998;40935;41275;91545;15953;18611;Savings Account;37269;18033;deposit Legacy indexing;94155;18796;true;2022-07-05T07:39:41
